country,company_name,display_name,company_email,company_phone,website,currency,billing_attention,billing_line1,billing_line2,billing_city,billing_state,billing_country,billing_contact_number,billing_zip,shipping_attention,shipping_line1,shipping_line2,shipping_city,shipping_state,shipping_country,shipping_contact_number,shipping_zip,bank_account_name,bank_account_number,bank_ifsc_code,bank_account_type,bank_branch_name
IN,QOrbital India Pvt. Ltd.,QOrbital,admin@qorbital.com,84463165670,https://qorbital.com,INR,Mr. Russell,"23, River road",,Riverbridge,London,UK,+61 232 23428990,23990,Mr. Russell,"23, River road",,Riverbridge,London,UK,+61 232 23428990,23990,Bank of London,50008123,239042309423,SV,Edinburgh
US,Avesha Inc,Avesha,admin@avesha.com,84463162340,https://avesha.com,USD,Mr. Dheeraj,"12, Moreno Avenue",,San Fransico,California,US,+1 230 23902323,92012,Mr. Avesha,"12, Moreno Avenue",,San Fransico,California,US,+1 230 23912144,94040,Wells fargo,50008123,239042309423,SV,Sacramento
Portugal,Rhycero,Overhold,admin@examiner.com,563-519-0294,www.examiner.com,Euro,Corabel,57576 Fordem Place,34 Jenifer Lane,Cochadas,Coimbra,Russia,182-644-0959,3060-629,Opal,Suite 58,470 Tennyson Alley,Pelym,,Ukraine,547-888-1524,624582,Torey,GM38-DHTP-6767115,NOEY05Z7D5R,savings,Dz+ Bank Branch
Bolivia,Gigabox,Stringtough,admin@sogou.com,556-643-3416,www.sogou.com,Boliviano,Harmonie,54654 Autumn Leaf Hill,36990 Granby Center,Colquechaca,,Russia,825-401-9242,,Olivie,8th Floor,39 Dawn Pass,Lysogorskaya,,Argentina,262-696-6184,357838,Deane,HV63-ZBKE-4558342,OKXK06LV57M,checking,Nw+ Bank Branch
Comoros,Dynabox,It,admin@odnoklassniki.co,846-243-1369,www.odnoklassniki.co,Franc,Emalia,1 Cody Avenue,22 Scofield Terrace,Limbi,,United States,734-479-7301,,Haskel,PO Box 42155,2 Marquette Plaza,Detroit,Michigan,China,795-677-4031,48211,Bartram,MM63-URII-2497983,KGCM0Q0T80U,checking,Lf+ Bank Branch
South Korea,Dabshots,Job,admin@amazon.co.jp,858-248-0607,www.amazon.com,Won,Willdon,79 Westport Avenue,79777 Bartillon Lane,Beolgyo,,Nigeria,368-353-0559,,Greg,Suite 89,52211 Corry Center,Oke Mesi,,Italy,379-287-3990,,Osmond,LL75-IRNU-7144059,XYFJ08AJ4AO,money market,Oo+ Bank Branch
China,Leenti,Hatity,admin@apache.org,730-281-1177,www.apache.org,Yuan Renminbi,Westley,1 Troy Alley,127 Ramsey Lane,Liren,,China,652-510-9830,,Cori,18th Floor,4206 Dryden Lane,Yuecheng,,China,539-706-3478,,Sheffie,PK27-IRFH-4911972,MDKE0O8V8TM,checking,Dl+ Bank Branch
Australia,Realcube,Toughjoyfax,admin@weibo.com,521-845-4672,www.weibo.com,Dollar,John,9 Amoth Circle,051 Union Street,Northern Suburbs Mc,New South Wales,Indonesia,617-827-8409,1694,Curt,Room 343,1425 Evergreen Way,Parajara,,China,246-533-2814,,Syman,RY87-ZIRI-8939867,IXLX0AL422S,money market,Ml+ Bank Branch
Portugal,Realbuzz,Gembucket,admin@mail.co,310-618-7314,www.mai.co,Euro,Del,0 Boyd Crossing,44075 Walton Court,Mujães,Viana do Castelo,New Zealand,737-671-6148,4905-515,Artie,PO Box 47745,37996 Jay Parkway,Gore,,Afghanistan,760-903-5380,9740,Hamish,CI00-KTBI-9897192,PZYU001G009,checking,Rt+ Bank Branch
Colombia,Realmix,Vagram,admin@pen.io,362-461-9496,www.pen.io,Peso,Kinnie,1740 Kensington Terrace,8 Brentwood Center,Girón,,Portugal,925-166-7974,687587,Dukie,Room 1187,3524 Darwin Court,Alto de São Sebastião,Setúbal,China,916-775-7406,2860-305,Sheba,CH63-ZTZC-5179537,TWGU0H3002N,money market,Cb+ Bank Branch
Poland,Meejo,Tempsoft,admin@parallels.com,599-575-4595,www.parallels.com,Ruble,Ginnifer,6 Maple Point,9 Warner Point,Pukhavichy,,Indonesia,820-162-7061,,Dane,20th Floor,7 Vernon Junction,Malimaneek,,Indonesia,304-221-9786,,Kingsley,BS86-BNAN-1310390,KKFH07PYEPT,checking,Xq+ Bank Branch
Indonesia,vistaprint,Job,admin@vistaprint.com,125-438-2782,www.vistaprint.com,Rupiah,Cortie,918 Clemons Junction,3709 Oak Center,Sentani,,Ukraine,520-448-6138,,Jada,Room 1739,621 Butternut Way,Skalat,,Madagascar,785-343-5014,,Shurlock,AA37-TGAE-3682620,CSEP070ELC1,savings,Wo+ Bank Branch